Discount,average_profit
0,66.9002924551897
0.1,96.0550744680851
0.15,27.2882980769231
0.2,24.7025720535958
0.3,-45.679636123348
0.32,-88.5606555555555
0.4,-111.927429126214
0.45,-226.646463636364
0.5,-310.703456060606
0.6,-43.0772115942029
0.7,-95.874059569378
0.8,-101.796797333333
