Ship Mode,min_profit,max_profit,average_profit,median_profit,q1_profit,q3_profit
First Class,-2639.9912,6719.9808,31.8399479193758,8.7672,1.7876,28.755
Same Day,-3839.9904,2229.024,29.2665909760589,8.019,2.1546,29.358
Second Class,-1862.3124,2799.984,29.5355451928021,9.396,2.592,33.2156
Standard Class,-6599.978,8399.976,27.4947700234584,8.2992,1.4672,28.764
