Ship Mode,average_profit
First Class,31.8399479193758
Second Class,29.5355451928021
Same Day,29.2665909760589
Standard Class,27.4947700234584
